{
    "arabica": [
        {
            "foto": "images/produk/product_capuchino.jpg",
            "nama": "Cappuccino Arabica",
            "size": "500 Gram",
            "harga": "200.000",
            "link": "https://www.google.com/search?q=cappuccino+arabica&tbm=shop"
        },
        {
            "foto": "images/produk/product_espresso.jpg",
            "nama": "Pahit Arabica",
            "size": "100 Gram",
            "harga": "100.000",
            "link": "https://www.google.com/search?q=pahit+arabica&tbm=shop"
        },
        {
            "foto": "images/produk/product_latte.jpg",
            "nama": "Latte Arabica",
            "size": "150 Gram",
            "harga": "150.000",
            "link": "https://www.google.com/search?q=latte+arabica&tbm=shop"
        }
    ],
    "robusta": [
        {
            "foto": "images/produk/product_kopi_susu.jpg",
            "nama": "Kopsus Robusta",
            "size": "100 Gram",
            "harga": "500.000",
            "link": "https://www.google.com/search?q=kopi+susu+robusta&tbm=shop"
        },
        {
            "foto": "images/produk/product_latte.jpg",
            "nama": "Latte Robusta",
            "size": "150 Gram",
            "harga": "150.000",
            "link": "https://www.google.com/search?q=latte+robusta&tbm=shop"
        }
    ],
    "nonkopi": [
        {
            "foto": "https://www.masakapahariini.com/wp-content/uploads/2019/08/mie-ayam-kecap-500x300.jpg",
            "nama": "Mie Ayam",
            "size": "-",
            "harga": "Rp25.000",
            "link": "https://www.google.com/search?q=kopi+susu+robusta&tbm=shop"
        },
        {
          "foto": "https://www.primarasa.co.id/images/images/karedok%281%29.jpg",
          "nama": "karedok",
          "size": "-",
          "harga": "Rp20.000",
          "link": "https://www.google.com/search?q=kopi+susu+robusta&tbm=shop"
        },
        {
          "foto": "https://soloinfo.id/wp-content/uploads/2022/06/Update-Solo-Info-Cobain-Bakmi-Bu-Pawiro-Bakmi-Jawa-Enak-di-Solo-Rekomendasi-Berita-Kuliner-di-Solo.jpg",
          "nama": "Bakmi Jawa",
          "size": "-",
          "harga": "Rp33.000",
          "link": "https://www.google.com/search?q=kopi+susu+robusta&tbm=shop"
        },
        {
          "foto": "https://www.jagel.id/api/listimage/v/Bakso-Lava-Spesial-0-9055f45d9568e1c6.jpg",
          "nama": "Bakso Lava",
          "size": "-",
          "harga": "Rp50.000",
          "link": "https://www.google.com/search?q=kopi+susu+robusta&tbm=shop"
        }
    ]
}